﻿<parameters>
  <parameter name="IIS Web Application Name" defaultValue="AngularApp" tags="IisApp">
    <parameterEntry kind="ProviderPath" scope="IisApp" match="^c:\\VisualStudioProjects\\Angular\\AngularFirstApp\\FirstApp\\obj\\Release\\Package\\PackageTmp$" />
    <parameterEntry kind="ProviderPath" scope="setAcl" match="^c:\\VisualStudioProjects\\Angular\\AngularFirstApp\\FirstApp\\obj\\Release\\Package\\PackageTmp$" />
  </parameter>
  <parameter name="DefaultConnection-Web.config Connection String" defaultValue="Data Source=(LocalDb)\v11.0;Initial Catalog=aspnet-FirstApp-20130817215527;Integrated Security=SSPI;AttachDBFilename=|DataDirectory|\aspnet-FirstApp-20130817215527.mdf">
    <parameterEntry kind="XmlFile" scope="c:\\VisualStudioProjects\\Angular\\AngularFirstApp\\FirstApp\\obj\\Release\\Package\\PackageTmp\\Web\.config$" match="/configuration/connectionStrings/add[@name='DefaultConnection']/@connectionString" />
  </parameter>
  <parameter name="FirstAppContext-Web.config Connection String" defaultValue="Data Source=(localdb)\v11.0; Initial Catalog=FirstAppContext-20130818194531; Integrated Security=True; MultipleActiveResultSets=True; AttachDbFilename=|DataDirectory|FirstAppContext-20130818194531.mdf">
    <parameterEntry kind="XmlFile" scope="c:\\VisualStudioProjects\\Angular\\AngularFirstApp\\FirstApp\\obj\\Release\\Package\\PackageTmp\\Web\.config$" match="/configuration/connectionStrings/add[@name='FirstAppContext']/@connectionString" />
  </parameter>
</parameters>